"Código","Nome","Volume","Última (R$)","Variação"
"MGLU4","Magazine Luiza","129.979.800","1,89","+2,72%"
"MGLU3","Magazine Luiza","129.979.800","1,89","+2,72%"
"PETR4","Petrobras","88.012.200","32,62","-3,97%"
"HAPV3","Hapvida","85.361.400","4,37","+1,16%"
"BBDC4","Banco Bradesco","45.486.800","14,38","+3,38%"
"B3SA3","B3","32.813.900","11,86","+3,22%"
"ITSA4","Itaúsa","27.269.900","8,89","+0,91%"
"CVCB3","CVC","25.387.800","2,57","+7,53%"
"CIEL3","Cielo","23.749.400","3,43","+1,78%"
"ITUB4","Itaú Unibanco","23.748.200","27,21","+2,29%"
"LREN3","Lojas Renner","20.790.800","12,93","+3,19%"
"COGN3","Cogna","19.047.300","2,60","+2,36%"
"MRVE3","MRV","17.202.700","9,43","-0,11%"
"CPLE6","Copel","17.004.900","8,40","-0,83%"
"RAIL3","Rumo","15.828.200","21,72","+0,23%"
"ABEV3","Ambev","15.746.400","13,21","+1,23%"
"BRFS3","BRF","15.676.800","10,45","+0,10%"
"PETZ3","Petz","14.654.400","4,30","+0,00%"
"VALE3","Vale","14.276.000","65,87","-1,07%"
"VAMO3","Grupo Vamos","14.156.300","8,75","+1,04%"
"ENEV3","Eneva","12.732.300","11,38","+1,07%"
"ANIM3","Ânima Educação","12.540.400","2,81","-2,77%"
"AMER3","Americanas","12.433.500","0,75","-2,60%"
"PRIO3","PetroRio","12.243.700","43,90","-2,81%"
"SOMA3","Grupo Soma","11.711.300","6,25","+0,81%"
"HBSA3","Hidrovias do Brasil","11.519.700","4,13","-1,90%"
"AZUL4","Azul","11.465.200","13,25","+3,11%"
"GOLL4","GOL","10.773.400","6,24","+3,65%"
"RAIZ4","Raízen","10.550.000","3,47","+0,29%"
"ASAI3","Assaí","10.402.200","11,63","+1,22%"
"VBBR3","Vibra Energia","10.273.600","19,03","+2,31%"
"JBSS3","JBS","9.935.600","18,21","+0,33%"
"MRFG3","Marfrig","9.833.200","6,90","-2,68%"
"GGBR4","Gerdau","8.987.500","23,00","-1,25%"
"LWSA3","Locaweb","8.266.100","6,26","+7,19%"
"ALSO3","Aliansce Sonae","8.198.800","22,13","+2,88%"
"PCAR3","Grupo Pão de Açúcar","8.196.800","3,39","+3,35%"
"CMIN3","CSN Mineração","8.185.400","4,66","-1,69%"
"BBAS3","Banco do Brasil","8.180.100","46,80","+0,75%"
"YDUQ3","YDUQS","8.105.800","20,93","+7,61%"
"UGPA3","Ultrapar","7.681.500","18,45","+0,99%"
"TIMS3","TIM","7.509.700","14,92","+1,02%"
"CMIG4","CEMIG","7.398.200","12,21","+0,99%"
"USIM5","Usiminas","7.139.400","6,42","-1,08%"
"CRFB3","Carrefour Brasil","6.915.100","8,83","+3,88%"
"CYRE3","Cyrela","6.851.400","19,69","+2,82%"
"CSAN3","Cosan","6.611.800","16,29","+0,87%"
"RRRP3","3R Petroleum","6.435.600","29,46","-2,93%"
"RENT3","Localiza","6.417.400","55,54","+0,80%"
"CSNA3","Siderúrgica Nacional","6.382.900","11,56","-2,03%"
"NTCO3","Natura","6.378.300","14,75","+1,30%"
"SEQL3","Sequoia Logística","6.378.300","0,52","-1,89%"
"IFCM3","Infracommerce","6.369.100","1,34","+3,08%"
"EQTL3","Equatorial Energia","5.914.500","31,43","-0,38%"
"CEAB3","C&A","5.909.400","5,09","+8,07%"
"GMAT3","Grupo Mateus","5.526.200","6,70","+1,06%"
"LJQQ3","Lojas Quero-Quero","5.232.700","3,53","+3,52%"
"WEGE3","WEG","5.217.000","35,16","-0,03%"
"SUZB3","Suzano","5.212.500","55,00","-0,51%"
"GOAU4","Metalúrgica Gerdau","4.920.400","10,66","-1,30%"
"CCRO3","Grupo CCR","4.883.300","12,23","+0,25%"
"BEEF3","Minerva","4.787.300","8,15","+0,25%"
"AMAR3","Lojas Marisa","4.747.200","0,56","+0,00%"
"ELET3","Eletrobras","4.702.800","35,40","+0,28%"
"RDOR3","Rede D'Or","4.691.900","24,54","+1,36%"
"EMBR3","Embraer","4.598.000","16,71","-1,24%"
"POMO4","Marcopolo","4.492.600","5,73","+3,06%"
"AERI3","Aeris Energy","4.421.000","0,80","+1,27%"
"AURE3","VTRM ENERGIA PARTICIPAÃiES S.A.","4.343.100","13,60","-0,29%"
"ALPA4","Alpargatas","4.103.900","8,12","+3,18%"
"CPLE3","Copel","3.906.700","7,88","-1,01%"
"ARZZ3","Arezzo","3.860.800","65,52","+6,17%"
"RADL3","RaiaDrogasil","3.842.400","27,70","+2,14%"
"BBSE3","BB Seguridade","3.810.000","32,20","+0,56%"
"VIVA3","Vivara","3.731.700","27,31","+4,96%"
"FLRY3","Fleury","3.565.100","15,85","-0,94%"
"QUAL3","Qualicorp","3.419.200","2,93","+2,09%"
"TTEN3","3tentos","3.414.800","12,25","-0,97%"
"MLAS3","Multilaser","3.383.800","2,56","+1,59%"
"TEND3","Construtora Tenda","3.332.400","12,64","+0,96%"
"CBAV3","CBA","3.227.900","4,27","-0,70%"
"SBFG3","Grupo SBF","3.102.500","6,72","+3,54%"
"SBSP3","Sabesp","3.099.100","60,84","+1,23%"
"HYPE3","Hypera","3.085.500","35,65","+1,51%"
"RCSL4","Recrusul","2.920.800","1,16","+0,00%"
"SIMH3","Simpar","2.913.100","8,09","-0,37%"
"MULT3","Multiplan","2.890.100","24,10","+1,73%"
"ESPA3","Espaçolaser","2.876.900","1,37","+0,74%"
"OIBR3","Oi","2.829.300","0,58","+1,75%"
"DXCO3","Dexco","2.810.900","7,55","+2,17%"
"TOTS3","Totvs","2.775.900","26,80","+2,06%"
"ECOR3","EcoRodovias","2.673.200","7,35","+1,38%"
"VIVT3","Vivo","2.632.600","44,21","+1,07%"
"TRPL4","Transmissão Paulista","2.611.300","22,76","+0,22%"
"RECV3","PetroRecôncavo","2.545.200","19,33","-2,77%"
"AESB3","AES Brasil","2.474.800","10,61","-0,09%"
"AZEV4","Azevedo & Travassos","2.207.200","2,46","+0,82%"
"GUAR3","Guararapes","2.194.700","5,18","+3,81%"
"BRKM5","Braskem","2.177.900","19,60","-0,71%"
"MOVI3","Movida","2.158.000","10,98","+1,76%"
"STBP3","Santos Brasil","2.094.400","8,23","+1,48%"
"POSI3","Positivo","2.083.400","7,06","+4,44%"
"IRBR3","IRB Brasil RE","1.933.000","42,23","+3,50%"
"SMTO3","São Martinho","1.862.600","37,67","-2,38%"
"MYPK3","Iochpe-Maxion","1.833.500","13,33","-0,89%"
"EZTC3","EZTEC","1.774.900","17,72","+1,03%"
"ZAMP3","Zamp","1.758.300","6,20","+0,81%"
"ELET6","Eletrobras","1.752.300","39,13","+0,05%"
"BRAP4","Bradespar","1.690.800","21,80","-1,93%"
"KEPL3","Kepler Weber","1.628.200","10,84","-1,90%"
"SAPR4","Sanepar","1.612.600","4,46","+0,68%"
"GGPS3","GPS","1.582.000","16,75","-0,12%"
"GFSA3","Gafisa","1.480.000","4,44","+2,78%"
"DIRR3","Direcional","1.475.900","18,34","+1,10%"
"ENAT3","Enauta","1.473.200","16,29","-2,10%"
"KLBN4","Klabin","1.469.800","4,75","-1,25%"
"CXSE3","Caixa Seguridade","1.442.000","11,16","-0,71%"
"PLPL3","Plano&Plano","1.436.100","8,73","+0,92%"
"BPAN4","Banco Pan","1.434.500","7,72","+2,80%"
"SMFT3","Smart Fit","1.411.000","21,15","+2,67%"
"MEAL3","IMC Alimentação","1.337.600","1,85","+0,54%"
"AZEV3","Azevedo & Travassos","1.325.800","2,37","+1,72%"
"CSMG3","COPASA","1.322.200","16,93","+1,87%"
"GRND3","Grendene","1.207.800","6,61","+1,07%"
"CAML3","Camil Alimentos","1.201.900","7,94","+2,19%"
"RAPT4","Randon","1.188.000","11,30","+2,91%"
"PGMN3","Pague Menos","1.164.300","2,96","+4,96%"
"SEER3","Ser Educacional","1.145.200","6,19","+3,00%"
"SGPS3","Springs","1.132.500","2,22","-2,63%"
"JHSF3","JHSF","1.114.900","4,57","+2,01%"
"ONCO3","Oncoclínicas","1.089.800","11,32","+1,25%"
"JALL3","Jalles Machado","1.019.400","8,58","+3,25%"
"MBLY3","Mobly","1.013.700","3,91","+1,30%"
"BRSR6","Banrisul","979.000","11,93","+0,51%"
"PTBL3","Portobello","953.900","5,30","-0,75%"
"CASH3","Méliuz","942.700","6,42","+1,10%"
"NEOE3","Neoenergia","926.600","17,90","+0,11%"
"EGIE3","Engie","926.300","40,96","+0,79%"
"TRIS3","Trisul","905.200","5,13","+3,43%"
"PSSA3","Porto Seguro","884.900","26,29","+0,77%"
"MDIA3","M. Dias Branco","882.400","37,79","-0,87%"
"CPFE3","CPFL Energia","878.600","33,52","+0,57%"
"KRSA3","Kora Saúde","861.100","0,75","+1,35%"
"INTB3","Intelbras","861.000","20,22","+1,71%"
"SLCE3","SLC Agrícola","835.700","38,13","-1,29%"
"AMBP3","Ambipar","828.200","20,24","+1,25%"
"CURY3","Cury","807.000","15,73","+0,06%"
"BRIT3","Brisanet","785.800","3,29","+0,61%"
"SQIA3","Sinqia","762.800","27,20","+0,29%"
"ABCB4","Banco ABC Brasil","753.200","19,85","+2,11%"
"DESK3","Desktop","697.400","15,00","+4,46%"
"EVEN3","Even","685.100","6,10","+2,52%"
"MELK3","Melnick","681.100","4,43","+1,14%"
"VVEO3","Viveo","646.000","16,15","-0,49%"
"OPCT3","OceanPact","644.400","5,50","+1,29%"
"ODPV3","Odontoprev","643.200","10,71","-0,65%"
"RCSL3","Recrusul","627.700","1,81","+1,69%"
"NINJ3","GetNinjas","609.700","4,60","+1,32%"
"MILS3","Mills","609.200","11,40","-1,13%"
"MEGA3","OMEGA ENERGIA S.A.","578.900","9,12","+0,33%"
"LIGT3","Light","559.900","5,34","+1,14%"
"TUPY3","Tupy","534.500","26,50","+0,04%"
"RANI3","Irani","525.300","11,94","+0,34%"
"NGRD3","Neogrid","493.500","1,23","+0,82%"
"ROMI3","Indústrias ROMI","464.200","12,00","+2,39%"
"BMOB3","Bemobi","461.100","11,97","+1,70%"
"MATD3","Mater Dei","460.300","8,46","+4,32%"
"WIZC3","Wiz Soluções","413.000","5,13","+0,79%"
"HBRE3","HBR Realty","399.000","5,05","-0,59%"
"CMIG3","CEMIG","397.500","19,31","+3,26%"
"VLID3","Valid","390.600","17,00","+3,66%"
"MDNE3","Moura Dubeux","389.400","10,22","+0,99%"
"AGRO3","BrasilAgro","369.300","28,78","+1,23%"
"FRAS3","Fras-le","362.500","15,66","-1,01%"
"BMGB4","Banco BMG","351.300","2,39","+1,27%"
"BLAU3","Blau Farmacêutica","344.500","16,27","+2,26%"
"LAVV3","Lavvi Incorporadora","336.600","7,17","+2,14%"
"MTRE3","Mitre Realty","312.300","4,42","+3,03%"
"VIVR3","Viver","305.700","3,36","+1,82%"
"VULC3","Vulcabras","305.000","19,09","+0,26%"
"SAPR3","Sanepar","301.000","4,34","+0,46%"
"SHUL4","Schulz","296.000","7,60","+2,01%"
"ENJU3","Enjoei","295.600","1,38","-0,72%"
"PNVL3","Dimed","293.400","11,56","+3,12%"
"KLBN3","Klabin","291.200","4,78","-0,83%"
"PORT3","Wilson Sons","290.600","14,10","+1,88%"
"HBOR3","Helbor","275.700","2,49","+1,63%"
"PRNR3","Priner","263.000","10,01","-2,34%"
"CLSA3","ClearSale","255.200","4,40","+1,85%"
"TFCO4","Track & Field","252.200","13,31","+2,38%"
"TASA4","Taurus","250.300","15,34","-0,07%"
"LUPA3","Lupatech","239.200","2,21","+0,91%"
"CSED3","Cruzeiro do Sul Educacional","236.900","4,01","+2,04%"
"ETER3","Eternit","234.400","7,70","-0,39%"
"LEVE3","Mahle Metal Leve","231.300","48,00","-0,85%"
"RNEW4","Renova Energia","222.900","1,23","+8,85%"
"VITT3","Vittia","218.000","11,83","-0,42%"
"POMO3","Marcopolo","210.900","4,52","+2,49%"
"WEST3","Westwing","203.200","1,34","+0,00%"
"DOTZ3","Dotz","202.700","1,12","+3,70%"
"TECN3","Technos","201.800","3,50","+1,45%"
"TAEE4","Taesa","200.200","11,49","+1,32%"
"LOGG3","LOG CP","200.100","19,00","-0,78%"
"RNEW3","Renova Energia","186.400","1,21","+9,01%"
"SHOW3","Time For Fun","179.500","2,43","-0,41%"
"AALR3","Alliança","178.200","9,50","-1,04%"
"TGMA3","Tegma","177.800","24,83","+0,40%"
"PINE4","PINE","176.200","3,90","+4,00%"
"FESA4","Ferbasa","174.900","47,09","-0,80%"
"SOJA3","Boa Safra Sementes","171.500","12,55","-0,71%"
"JSLG3","JSL","162.500","8,16","+1,24%"
"FIQE3","Unifique","161.400","3,76","+3,30%"
"SYNE3","SYN","156.700","4,02","+1,01%"
"SANB3","Banco Santander","156.200","12,37","+1,23%"
"ORVR3","Orizon","154.300","35,78","+2,93%"
"TAEE3","Taesa","147.000","11,40","+1,15%"
"SANB4","Banco Santander","144.300","13,77","+0,88%"
"PDGR3","PDG Realty","144.300","4,08","-2,39%"
"ELMD3","Eletromidia","143.300","14,07","-3,03%"
"ITSA3","Itaúsa","136.800","9,02","+0,67%"
"PFRM3","Profarma","128.000","3,67","+1,38%"
"AGXY3","AgroGalaxy","109.000","4,17","+0,72%"
"CAMB3","Cambuci","103.500","9,12","-0,33%"
"TCSA3","Tecnisa","100.700","2,88","+1,41%"
"UNIP6","Unipar","97.100","78,85","+0,06%"
"DEXP3","Dexxos","87.200","10,59","+1,34%"
"LPSB3","Lopes","85.500","2,08","+0,00%"
"ALPK3","Estapar","83.000","4,37","+3,80%"
"FHER3","Fertilizantes Heringer","82.300","8,15","+5,84%"
"OSXB3","OSX Brasil","81.900","7,59","+34,57%"
"INEP3","Inepar","79.100","4,81","+1,26%"
"CSUD3","CSU Cardsystem","75.200","15,02","-1,12%"
"USIM3","Usiminas","75.100","6,63","-0,60%"
"EUCA4","Eucatex","73.000","12,25","-0,65%"
"CTSA4","Santanense","67.800","1,94","-3,48%"
"CTNM4","Coteminas","64.800","1,94","-5,83%"
"SLED4","Saraiva","64.300","1,60","-1,84%"
"ATMP3","Atma","57.800","2,56","+2,40%"
"ALLD3","Allied","56.100","5,97","+0,51%"
"LOGN3","Log-In","48.900","39,25","-2,19%"
"GGBR3","Gerdau","45.300","21,26","-1,35%"
"RSID3","Rossi Residencial","44.600","3,76","+0,80%"
"IGTI3","Iguatemi","44.500","2,62","+0,77%"
"IGTI3","Jereissati Participações","44.500","2,62","+0,77%"
"BRAP3","Bradespar","44.300","20,04","-2,34%"
"BRIV4","Alfa Investimento","43.100","11,39","+0,80%"
"INEP4","Inepar","42.900","3,62","+1,12%"
"OIBR4","Oi","39.700","1,93","+1,05%"
"PDTC3","Padtec","38.700","2,50","-1,19%"
"CTSA3","Santanense","36.400","2,70","-5,92%"
"LAND3","Terra Santa","35.800","21,43","+0,23%"
"BMEB4","Banco Mercantil do Brasil","35.500","12,00","-3,61%"
"SNSY5","Sansuy","33.900","4,24","+6,53%"
"TPIS3","Triunfo","31.900","4,00","+0,25%"
"APER3","Alper","28.400","31,40","-0,57%"
"BRKM3","Braskem","25.900","21,35","-1,16%"
"PTNT4","Pettenati","24.800","9,03","+0,78%"
"VSTE3","LE LIS BLANC","24.500","14,73","+2,22%"
"DMVF3","D1000 Varejo Farma","23.300","4,94","+0,82%"
"PMAM3","Paranapanema","20.900","4,55","-1,73%"
"EALT4","Electro Aço Altona","16.000","8,27","-1,90%"
"COCE5","Coelce","14.900","43,55","-1,87%"
"ALUP4","Alupar","13.100","9,54","+1,71%"
"HOOT4","Hotéis Othon","12.500","2,38","-0,42%"
"TASA3","Taurus","12.300","15,24","+0,73%"
"UCAS3","Unicasa","12.000","2,54","+0,00%"
"BEES3","Banestes","11.200","8,52","-0,58%"
"FRTA3","Pomi Frutas","9.900","2,43","+0,41%"
"CRPG5","Tronox Pigmentos","8.600","44,04","-1,03%"
"RAPT3","Randon","7.300","9,20","+0,00%"
"WHRL4","Whirlpool","6.700","4,47","-0,89%"
"BOBR4","Bombril","6.500","1,68","+2,44%"
"UNIP3","Unipar","6.400","71,47","+0,35%"
"CGRA4","Grazziotin","6.300","25,90","-0,38%"
"RDNI3","RNI","6.200","4,81","-0,82%"
"ALUP3","Alupar","6.000","9,48","+1,83%"
"CRIV4","Alfa Financeira","6.000","6,38","+5,80%"
"HAGA4","Haga","6.000","1,24","+4,20%"
"EMAE4","EMAE","5.800","63,51","-1,95%"
"OFSA3","Ourofino Saúde Animal","5.600","20,99","-1,46%"
"BRPR3","BR Properties","5.500","165,01","-43,49%"
"BPAC3","Banco BTG Pactual","5.500","14,23","+2,52%"
"CEDO4","Cedro Têxtil","5.300","15,00","+0,00%"
"BPAC5","Banco BTG Pactual","4.900","8,25","+1,98%"
"CLSC4","Celesc","4.800","64,65","+0,54%"
"MTSA4","METISA","4.800","47,63","-0,87%"
"ENGI4","Energisa","4.700","7,55","+2,03%"
"JFEN3","João Fortes","4.600","2,51","+4,58%"
"SCAR3","São Carlos","4.200","24,05","-1,64%"
"BRSR3","Banrisul","4.000","12,35","+0,00%"
"NUTR3","Nutriplant","4.000","3,78","-1,05%"
"BEES4","Banestes","3.800","9,82","-0,30%"
"RPMG3","Refinaria de Manguinhos","3.700","2,31","+0,43%"
"CEBR6","CEB","3.600","15,26","+2,42%"
"RSUL4","Metalúrgica Riosulense","3.500","67,50","-0,74%"
"WLMM4","WLM","3.500","39,08","-0,43%"
"CEEB3","COELBA","3.300","39,00","+0,75%"
"TEKA4","Teka","3.000","12,29","-2,54%"
"SLED3","Saraiva","3.000","3,21","-0,31%"
"LVTC3","WDC Networks","2.800","4,01","+1,78%"
"TRPL3","Transmissão Paulista","2.600","30,13","-1,34%"
"CSRN3","COSERN","2.100","23,20","+0,04%"
"CEBR3","CEB","2.100","13,70","+0,37%"
"DOHL4","Döhler","2.100","5,65","+0,89%"
"CRPG6","Tronox Pigmentos","1.800","38,10","+0,24%"
"MGEL4","Mangels","1.800","14,89","-0,73%"
"TELB4","Telebras","1.800","12,00","+0,76%"
"BAZA3","Banco da Amazônia","1.700","90,00","+0,02%"
"EUCA3","Eucatex","1.600","13,70","+0,00%"
"ENGI3","Energisa","1.500","15,04","+1,01%"
"MNPR3","Minupar","1.500","14,58","-0,07%"
"REDE3","Rede Energia","1.400","5,71","-0,35%"
"WHRL3","Whirlpool","1.300","4,43","-0,23%"
"ALPA3","Alpargatas","1.200","7,99","-1,36%"
"CEBR5","CEB","1.000","13,70","-1,30%"
"EQPA3","Equatorial Energia Pará","1.000","6,35","+2,25%"
"HAGA3","Haga","1.000","2,62","+3,97%"
"BRGE8","Consórcio Alfa","900","10,51","+0,00%"
"SNSY3","Sansuy","900","5,85","-1,02%"
"NEXP3","Brasil Brokers","900","5,67","-1,05%"
"EPAR3","EPAR3","800","15,90","-2,99%"
"DEXP4","Dexxos","700","9,78","+3,16%"
"EALT3","Electro Aço Altona","700","7,90","-0,13%"
"ATOM3","ATOM","700","2,20","-0,45%"
"CTNM3","Coteminas","600","8,90","-3,26%"
"AFLT3","Afluente T","600","7,50","-3,72%"
"CGRA3","Grazziotin","500","24,90","+0,97%"
"BAHI3","Bahema","500","9,80","-1,90%"
"BGIP4","Banese","400","23,00","+2,77%"
"CPLE5","Copel","400","20,11","-0,05%"
"TELB3","Telebras","400","16,00","-0,62%"
"BRGE3","Consórcio Alfa","400","10,55","+0,86%"
"IGTI4","Iguatemi","400","8,53","+0,35%"
"IGTI4","Jereissati Participações","400","8,53","+0,35%"
"CGAS5","Comgás","300","128,52","-0,43%"
"EQMA3B","Equatorial Maranhão","300","27,99","+1,74%"
"BALM3","Baumer","300","10,15","-7,73%"
"CLSC3","Celesc","200","60,99","+0,00%"
"EKTR4","Elektro","200","37,05","-2,50%"
"GEPA3","Rio Paranapanema Energia","200","23,69","+0,13%"
"CEDO3","Cedro Têxtil","200","16,01","+0,06%"
"BMEB3","Banco Mercantil do Brasil","200","15,07","-4,98%"
"CBEE3","Ampla Energia","200","13,54","-1,17%"
"BIOM3","Biomm","200","4,53","+1,34%"
"SOND6","Sondotécnica","100","55,00","+10,00%"
"CEEB5","COELBA","100","54,59","-0,02%"
"GEPA4","Rio Paranapanema Energia","100","25,60","+0,39%"
"CALI3","Adolpho Lindenberg","100","14,20","+0,71%"
"BRIV3","Alfa Investimento","100","11,35","+0,44%"
"BRGE6","Consórcio Alfa","100","11,03","+0,00%"
"HETA4","Hercules","100","6,38","+5,11%"
"BMKS3","Monark","4","300,00","+0,01%"
"EQPA7","Equatorial Energia Pará","34.800","7,00","+0,00%"
"BALM4","Baumer","1.100","10,55","+1,93%"
"PTNT3","Pettenati","400","11,89","-0,59%"
"AVLL3","Alphaville","400","4,86","-0,21%"
"UNIP5","Unipar","200","84,97","+1,40%"
"RPAD6","Alfa Holdings","200","7,65","-2,42%"
"BNBR3","Banco do Nordeste","100","91,96","-1,96%"
"ENMT3","Energisa MT","100","61,96","+0,00%"
"BGIP3","Banese","100","25,86","-1,45%"
"BSLI4","Banco de Brasília","100","12,10","+4,94%"
"RPAD5","Alfa Holdings","100","7,99","+1,78%"
"DOHL3","Döhler","100","7,00","-6,67%"
"MWET4","Wetzel","4.700","8,57","+2,88%"
"BRKM6","Braskem","1.500","17,00","-8,11%"
"PLAS3","Plascar","1.400","7,78","-2,75%"
"MNDL3","Mundial","300","56,28","+0,32%"
"BSLI3","Banco de Brasília","300","14,00","-1,41%"
"GSHP3","General Shopping & Outlets","200","13,20","-4,35%"
"HBTS5","Habitasul","100","56,50","+0,00%"
"BRGE12","Consórcio Alfa","100","10,77","+2,96%"
"BRGE5","Consórcio Alfa","100","10,55","-3,92%"
"JOPA3","Josapar","6.400","21,00","+0,00%"
"CRIV3","Alfa Financeira","800","6,00","-0,17%"
"LIPR3","Eletropar","300","70,21","+29,99%"
"PEAB3","Participações Aliança da Bahia","300","33,90","+0,00%"
"EQPA5","Equatorial Energia Pará","300","7,10","-15,58%"
"SOND5","Sondotécnica","100","49,98","-0,02%"
"RPAD3","Alfa Holdings","100","7,55","-0,66%"
"FESA3","Ferbasa","400","57,01","-2,21%"
"CEED3","CEEE D","200","36,97","+36,93%"
"BRGE11","Consórcio Alfa","200","10,46","+0,00%"
"ESTR4","Estrela","200","6,30","+8,62%"
"CEED4","CEEE D","100","30,01","+0,03%"
"PATI3","Panatlântica","100","25,15","+0,00%"
"BMIN4","Banco Mercantil de Investimentos","100","16,40","-0,55%"
"MERC4","Mercantil do Brasil Financeira","2.600","7,16","-1,24%"
"CTKA4","Karsten","400","15,47","+1,78%"
"BRSR5","Banrisul","100","18,90","+1,39%"
"EQPA6","Equatorial Energia Pará","100","10,05","+0,00%"
"BAUH4","Excelsior","100","70,99","+0,00%"
"TKNO4","Tekno","100","60,00","+0,00%"
"FRIO3","Metalfrio","100","45,05","+0,11%"
"AHEB3","São Paulo Turismo","100","18,95","+0,00%"
"AHEB6","São Paulo Turismo","100","17,02","+0,06%"
"BDLL4","Bardella","100","9,70","+0,83%"
"CSAB4","Cia. de Seg. Aliança da Bahia","200","48,00","+11,60%"
"PATI4","Panatlântica","200","32,00","-8,57%"
"ENMT4","Energisa MT","100","65,00","+0,00%"
"CGAS3","Comgás","100","120,00","-1,64%"
"MRSA3B","MRS Logística","1.400","25,06","+0,00%"
"MRSA5B","MRS Logística","600","25,06","-6,42%"
"MRSA6B","MRS Logística","500","26,50","+0,42%"
"FIEI3","FIEI3","500","15,20","+4,90%"
"ESTR3","Estrela","200","12,59","+0,08%"
"WLMM3","WLM","100","27,00","+8,00%"
"VIIA3","Via","213.149.200","0,75","+2,74%"
"CRPG3","Tronox Pigmentos","200","44,50","-0,27%"
"MOAR3","Monteiro Aranha","100","388,00","+2,11%"
"DTCY3","Dtcom","200","5,00","+1,83%"
"BMIN3","Banco Mercantil de Investimentos","700","22,40","-6,20%"
"NORD3","Nordon","300","5,46","+0,18%"
"CSAB3","Cia. de Seg. Aliança da Bahia","200","33,50","-4,31%"
"LUXM4","Trevisa","400","19,00","+0,42%"
"BRGE7","Consórcio Alfa","700","9,27","-0,22%"
"MWET3","Wetzel","100","13,30","+0,08%"
"USIM6","Usiminas","200","16,31","-0,24%"
"AHEB5","São Paulo Turismo","100","16,59","+0,48%"
"ENBR3","EDP Brasil","1.697.900","24,08","+0,12%"
"MTSA3","METISA","100","77,00","+2,67%"
"ELET5","Eletrobras","100","86,01","+0,01%"
"BOAS3","Boa Vista","23.239.000","7,95","-0,38%"
"MAPT4","Cemepe","300","11,00","+61,29%"
"CSRN6","COSERN","200","27,60","-4,83%"
"PEAB4","Participações Aliança da Bahia","2.600","74,00","+2,78%"
"CSRN5","COSERN","400","29,50","+13,55%"
"COCE3","Coelce","200","50,01","+2,86%"
"JOPA4","Josapar","100","33,80","-1,20%"
"GPAR3","CELGPAR","400","44,51","+6,18%"
"MODL3","Banco Modal","16.688.000","3,08","+0,33%"
"CTKA3","Karsten","300","18,00","+4,71%"
"MERC3","Mercantil do Brasil Financeira","51.500","15,28","+1,13%"
"DMFN3","DMFN3","100","12,60","+6,15%"
"CEGR3","Naturgy (CEG)","100","85,00","-4,49%"
"MAPT3","Cemepe","300","30,05","+0,00%"
"CRDE3","CR2","400","16,00","+0,00%"
"IGBR3","IGB Eletrônica","700","175,99","+1,14%"
"MSPA4","Melhoramentos","100","40,00","+0,00%"
"ODER4","Conservas Oderich","100","100,00","+12,35%"
"PARD3","Hermes Pardini","1.861.800","18,10","+1,29%"
"CASN3","CASAN","100","10,43","-18,39%"
"WIZS3","WIZS3","779.400","7,16","+1,99%"
"LLIS3","LLIS3","249.800","1,73","+2,98%"
"MSPA3","Melhoramentos","400","46,25","-7,52%"
"BRML3","BRMalls","16.132.900","8,26","+2,35%"
"DMMO3","Dommo Energia","3.254.800","1,76","-1,12%"
"GETT3","Getnet","46.500","2,40","+1,27%"
"GETT4","Getnet","18.500","2,40","+1,27%"
"SULA4","SulAmérica","18.600","7,63","+5,53%"
"SULA3","SulAmérica","4.000","7,43","+1,50%"
"CEPE5","CELPE","100","40,12","+0,02%"
"TCNO4","Tecnosolo","36.800","0,85","-9,57%"
"TCNO3","Tecnosolo","3.400","1,20","-1,64%"
"CEPE6","CELPE","100","43,00","+6,17%"
"BKBR3","BKBR3","782.300","7,63","+0,26%"
"MTIG4","Metalgráfica Iguaçu","100","23,00","+0,00%"
"BLUT4","Blue Tech Solutions","171.100","1,52","-5,59%"
"BLUT3","Blue Tech Solutions","13.400","5,14","+0,59%"
"MODL4","Banco Modal","700","2,72","-2,16%"
"CARD3","CARD3","118.000","14,51","+1,82%"
"SHUL3","Schulz","100","27,94","-50,12%"
"FIGE3","Investimentos Bemge","100","12,03","+99,83%"
"FNCN3","Finansinos","4.800","14,25","-0,35%"
"TEKA3","Teka","100","8,23","+1,73%"
"HETA3","Hercules","200","96,00","+0,00%"
"LCAM3","Locamerica","26.118.900","24,15","+1,86%"
"BIDI4","Banco Inter","52.479.800","3,41","-2,01%"
"BIDI3","Banco Inter","15.262.400","3,40","-2,58%"
"EEEL4","CEEE GT","100","410,00","-2,88%"
"EEEL3","CEEE GT","400","421,01","+5,25%"
"BBRK3","BBRK3","1.279.600","0,80","+1,27%"
"SOND3","Sondotécnica","200","46,01","+14,45%"
"CESP6","CESP","9.306.600","25,25","+1,41%"
"CESP3","CESP","11.500","25,55","+1,71%"
"CESP5","CESP","300","25,00","+2,75%"
"ECPR4","Encorpar","100","90,74","+0,42%"
"MOSI3","Mosaico","1.021.200","8,24","+3,00%"
"POWE3","Focus Energia","678.000","10,90","-2,24%"
"ECPR3","Encorpar","300","90,25","+12,97%"
"GNDI3","NotreDame Intermédica","33.458.600","65,34","+0,00%"
"LAME4","Lojas Americanas","43.631.000","6,55","+2,02%"
"LAME3","Lojas Americanas","10.941.100","6,62","+2,95%"
"OMGE3","Omega Geração","834.900","27,57","-0,86%"
"IGTA3","IGTA3","1.643.400","33,13","+0,18%"
"JPSA3","JPSA3","100.100","29,02","+1,75%"
"BRDT3","BRDT3","24.483.500","22,03","-5,17%"
"JBDU4","JBDU4","2.556.100","1,36","+3,82%"
"JBDU3","JBDU3","1.890.100","3,12","+9,09%"
"HGTX3","Hering","7.519.800","37,50","-2,65%"
"CCPR3","CCPR3","328.200","10,16","-4,51%"
"DTEX3","DTEX3","2.867.800","20,63","-3,10%"
"VVAR3","VVAR3","64.987.000","11,30","-6,38%"
"PNVL4","Dimed","2.000","18,62","-2,67%"
"TESA3","Terra Santa","41.100","48,00","-2,74%"
"BTOW3","BTOW3","11.169.600","68,00","+4,15%"
"LINX3","Linx","8.510.000","37,40","-0,27%"
"BTTL3","Embpar","6.100","19,72","-2,33%"
"GPCP3","GPCP3","698.100","49,00","-3,92%"
"GPCP4","GPCP4","5.300","45,51","-1,30%"
"SMLS3","Smiles","1.944.100","22,40","-1,71%"
"MMXM3","MMX Mineração","1.240.300","14,00","-30,35%"
"BSEV3","Biosev","528.800","9,00","+8,43%"
"BPAR3","Banpará","100","182,07","+20,58%"
"APTI4","Aliperti","200","3.500,00","-61,96%"
"VSPT3","FCA","1.000.000","4.999.999,50","+114,29%"
"MTIG3","Metalgráfica Iguaçu","400","156,30","+29,60%"
"FIGE4","Investimentos Bemge","100","38,01","-4,97%"
"LUXM3","Trevisa","200","2,50","+8,23%"
"TKNO3","Tekno","100","85,79","+10,64%"
"COCE6","Coelce","100","35,00","+16,63%"
"MGEL3","Mangels","100","75,00","+8,70%"
"CTSA8","Santanense","2.000","1,00","+0,00%"
"MMAQ4","Minasmáquinas","14","200,06","-28,55%"
